Password,Salt,MD5 Hash
aaa,relates,98def1d39aab983051f3d58bd4a4db06
abc,relates,80cbd2f436a9b6b8bb5eb43ec345fce7
academy,relates,e5c78bb3e2defb21b5b6be3096331cfd
accommodate,relates,55367d298fa83d07b96c5c91a0f98ac4
accommodation,relates,015cccb460b3066a581be422b49ef4da
adapted,relates,43c874ffd333d7b7edc085689e6f9926
advisory,relates,d9657d56323f489e6f31436c972e423b
advocacy,relates,c63e00c10de7a0c371ef1237c509e892
adware,relates,99e4cffce9b5bfd96961a27c8eb90576
afraid,relates,d4f40c82cf3ff4af03e2608964a83253
aggressive,relates,6b67658b111bb02e5916231b1601ec59
ah,relates,40fe89fc063d9d5bff24f3ca78e91d8c
aims,relates,d0bf026784329ed638378e73bedc0ed4
alan,relates,4a7e89d413d3d8b6f81f26e533fac5cb
albany,relates,2604a77e6c1347d467f91745cf5d9a0e
allocated,relates,a835059ffb91f6db5374fb247f3dfee5
alpine,relates,2f13b985504f32d308b7a8a946449a52
aluminum,relates,dc486437e33c0352b0016be7a1ca4986
amanda,relates,188d6d247e5758eb4427f0275eece319
ambassador,relates,6309a37cc29317665cace00a136f5980
america,relates,5a7a0e9c502d9ee68e95a482eb93c733
americas,relates,72f159d1def372aab0176a420ae2cc66
amy,relates,a839fd20ee8804c2966a67740b725a78
analyzed,relates,39deaf1823bb64ca7fa14c89d6583301
angeles,relates,b2ea0a2e1db4b19fa6d17842209dc9ec
angels,relates,93f25ee9e8608d7e2c35d492d1dc5ecf
animated,relates,20d738286071161e6de5b13b66a50aed
annie,relates,e2c26bf4926a673c3df5cd1569477389
announce,relates,a6c38c52f1ffe3dd0feccb8f5b0b7254
antarctica,relates,9d1bcfddc3ee6ee224581b6c8baaec90
antigua,relates,6ffe356e97e891a86637ca617e6a050d
apparently,relates,8042e7a54f1d000f5cb2257e7369710b
appraisal,relates,cb4fb4eb628ba0d1db6ca5037db10144
ar,relates,b156f36de71df0de4e5f2297e8e06a54
arch,relates,77988666a91a5ca556aa82b69a272368
arms,relates,c0ab07ee569cd67f00b756bebdd06a72
arrest,relates,e5b7badeb8e45517051bfa8b054d2929
as,relates,16c6459896bff350fc7e8f7af75bb4e5
asp,relates,4b23516985e66c4dd5ee19d544b96413
aspect,relates,bd3e1d1b02196eab890aa1df8b4124a7
assess,relates,5d36a8764be0b3e1cf08591b9acca2e9
assists,relates,ce4d80092a51a1ae25a50173cc287441
assuming,relates,b66fcb906a00d5d3d9a6529791e4f811
attend,relates,c17e942bcb1ac67a3f913267a55173d3
attorneys,relates,648db485851f0275b87cecd093981ac3
attributes,relates,0f5ac9a80f3912fd37e6d24659bf90a6
audit,relates,2857341943cb14c316451b41af931f59
authorized,relates,d5a8ac1cdcfb90faca17867a887df53a
awards,relates,b3a15e229953a4d1ce1532702689cd16
bacteria,relates,b4ba29ac78316b77560167b2d65a6e64
baker,relates,4b107fa6dea0ec96822fc6bd5bc23bac
bank,relates,8cafc0c435a95df3e7520511443cd05b
barcelona,relates,9fa9bea0a95175786e3029caa5067356
beautifully,relates,7b3479feaac5efea7775f735316f30f0
becomes,relates,eb3641280cf47dc085305600a79b19e7
beginners,relates,68a1cdd8272c6a683036f0f0597138e3
belly,relates,6941a1aa2f7f5210a9638980a8acce51
belong,relates,2e4836463c8fd5d289cc8a9833a02114
between,relates,e15982542b65d1c12f707895c25ce766
bidder,relates,9e30b44a8ab5ac294ff5e4bc90929580
bingo,relates,9c6380f4517906965474f6708f6168c3
biographies,relates,de0e13b8d99bc0574f9e6bbc0c9ab0a9
biology,relates,df43b6f772ee209ac3626ef29a6c68aa
blackjack,relates,a3fe0ff0de9751d66e7c9e3c87aa95f7
blah,relates,268a7aa88a4fb81b20c7b7f9dd13f94c
blow,relates,de7479fc718ef6c6396465674edaf7db
blowing,relates,7a4c6565dd6af5e57eb7b8a0575df118
bm,relates,4d5d078dee5d515b8be2fe8f24864b1f
booking,relates,1b4960e2af0da442bdbdf50ad6821cf9
booth,relates,13374a715f855e19cc3edac856fcd57f
boundary,relates,9b6f15c6dd2889bf3f6171b737e3d085
brave,relates,bf17fd23339e88feac2805f7c06dce58
break,relates,b45dfd2bf19d20a62cf012e517eb5042
breakdown,relates,cf7503f43fab1096269664ae91307dd1
breakfast,relates,2133505ab9e585245c2fcf827e4103b2
brian,relates,b9ab7bcc0feec411d762892db2802da0
brick,relates,fda488c1294fe4047e5d88e3121c478d
bridges,relates,ea63f4008760ca39d8134109a2bea579
browsing,relates,17a84910c2d9e01d506c7f0c0464fe9a
bukkake,relates,bd2a280c3337399e0c58b829f3bed9da
bulk,relates,0a080646531870f45d88ab31013ae310
bull,relates,b81d06c13db366718821e357272165df
bus,relates,b4c9e0cc53f91419dda9ef575561ea2b
button,relates,2b08da99689ab053d069f4b099f918a2
buyer,relates,2869afaaa02d4eb67d1b137f18ad3e4f
cached,relates,aede6bf4e4c8f95b5d696460d3f1efa2
calculations,relates,f73057bc0c6e4d82bf56d3642071fd84
calling,relates,ff9ef24fa2e9d3c95846c7f845191bb0
carefully,relates,0fa147824fda98d6b105696f960edf9e
carey,relates,f5cf7448ca2ad1549bfa8051cf2e931e
carries,relates,2bd8d64a52201bd9ae282aae22c336f0
cart,relates,57bba2f4eeead3f24c12d4e20f74571a
cases,relates,4b2946881e162ae48aadce8703148168
castle,relates,b9798419aa992236d3c70aa2ee8c05b8
certificate,relates,d66af6fae1af049ae274fc84559ead9e
certification,relates,4b785d75a70be554f86f7a2809d58bbc
champion,relates,74392c348a5656a6cbf35d7d7e2ae398
characters,relates,c62f6d98453c6f52468d15f5b07a8843
chase,relates,2af4daec33ac440d3e563caf957d02a6
chip,relates,519d8919b7e5dba83dfe02112d16f17d
choir,relates,5e1b093b735090e3b5179ac807038925
circumstances,relates,d3c42260d2b44c41094c0af9fe815543
cj,relates,969f339cbaf7cc7841a5d64dc7162b40
clips,relates,cf26d87b4fb6bb33f6e24640c0e19731
clock,relates,7fa0da89753c07edf145b5daaea37b1e
coins,relates,6fd27b836f406a37f403fc8be16030c2
coleman,relates,4b8c53af6579211e0e3c6eb12a9a10e7
collar,relates,a6a44c2043826842a6e5ea92fbc16040
collected,relates,e2cc71055c2d4437ccbdc9366be5539d
colors,relates,9b8a56531b70bf88fbbaea20136fc535
com,relates,418bb339d5d61fb44d887a93c050b5f7
combine,relates,627f18b1af9b5d888d6f9808663f0735
coming,relates,bbb0f62ba7ec19044efc0dcce0e74eed
committed,relates,60aa50d08bc894cd189c03a71ec0a612
commodities,relates,e95b4558f46db6f651fa0e7d4670843c
communicate,relates,e998f402d3f5cb14362682b81482817c
communities,relates,0c029f0c9248486df6043ae46fa1e7c9
compiler,relates,632b7e5bb79d94e8d73d2c4282405f03
compliance,relates,e3838083962b89f4def5ec2d716178a9
composition,relates,832813f99c640b684322560614739d54
conflict,relates,ce8e1720e6e9619ddce278f43f73ee08
congressional,relates,cf3aa361adc62c023ebddfdab0b09d48
consist,relates,a101e77c78809e2a74ce9b2f9b9ca713
constant,relates,39c6f1ed145c3dc5f733fdd0986f77c5
continuing,relates,af6087d8ab3fca0c60b94606dd0b7133
continuous,relates,769c8f417076d8ec04ba4025872830ab
controlled,relates,b1748278180300be8e75455c184743b3
coordinator,relates,15a992ec31eb76964067b3b95c606284
copper,relates,c349eaff7212caa03ea7419bfe77c621
corporation,relates,9c3ec9da6aa7223c96c500e5edb23bd9
corrected,relates,bd58905cccb005ad552e2181dd3543f9
cosmetic,relates,d8b31102c0f9ebce8e363b2cd4192878
counts,relates,548078cbdd19df261f3fc788998e0431
cove,relates,43ab4a9c2e33963592ac4763995af5a8
crawford,relates,2decff741b939944de8bac6fd3c6a893
creature,relates,d1ff1a85e0a798e825a33cd67b2f995d
crimes,relates,126bb993d77b6aa914aa2411fc4e6701
cry,relates,0d4ab74899e58d2dafc434bc5db69d7b
cunt,relates,0e821f90047834ccc22a79ca3c6fb3da
czech,relates,634ced57903bf53b9793556b0c12249a
davidson,relates,2f8bba983cca9b01ec0556142570629d
day,relates,dea943085a3aadf7d41ef096db774396
ddr,relates,bc79a1d673cab5b025d4f316b4693f91
decade,relates,7e172cbd70b6c11c82bb0d343e7fa515
dee,relates,a18dd533a3c9e1ede10faa7572dcd78b
deeper,relates,16fe6e732c9700e9d666e8c9ee4173f0
default,relates,2cf4d46beb5efd579e06acb42b3ff0eb
defendant,relates,b74df452822fa3b3d7167cfc2aa92ff6
del,relates,7407bdf9f7c1c977b83352cf32df14ab
democrats,relates,42b3f52cfbd818f3debcd9b98f6f1122
demonstrates,relates,4efa32a6da604871309cf3044d721866
den,relates,66700af673e2fdae241d63f834994bb1
departmental,relates,574d7a1d1601dd63a8b358473c6dca02
designer,relates,e0b7f9884623dd9ac430a20ae6310665
designing,relates,fd5f7921d7d3079d65851ea9f5c9b4bc
destinations,relates,dc90a811221b759d44e671a733ecf9e0
dial,relates,43cd29a90041dadf3999fcae4865c9df
diana,relates,40560bc1dff4a0f246806ecd5745ffbc
dick,relates,2f9097de1213c503833b69ca78ad81c2
died,relates,096a4818b357491e95c0f0696049e610
difficulty,relates,769c2cda88f7593b5493aea2f7827c44
directed,relates,532b69675b640050b4e0ef2281bd56cc
disaster,relates,87bf743b2341d2d1bc684fa4f6999fb4
disclose,relates,e958faeb957c68ad9ace0efccb58e7e7
discussed,relates,f67c93e96665db26e03f2a9bf829d85d
diseases,relates,81df80b5e2ea8547da9c8a1c55f9c5ed
district,relates,3bd2de1f9223e65e5d15433ca0f5cf97
douglas,relates,28851e03489d005dadbc7311c4f2db9c
dream,relates,f7d28d92bf1187fbcdc1cf06c9c22c7b
driver,relates,fca3cc2d880890b3953ee725f00d8d8d
ea,relates,76b4ddb7632965a71b624efea2a03f3c
echo,relates,d750685cbac0364e17451d9148a05c3b
edge,relates,7ae37fe15dabc6b730bf999446bd975c
educational,relates,69e555d9cfe523bf27e54871d2b229fd
efficiency,relates,32dca2b13ec4cd8fe3031f08cdb25624
efforts,relates,a0b46cece2125f0f88a8cf899679ee2a
ejaculation,relates,c00c08c93c014f718d5d24864d1d083f
emphasis,relates,cb5ef1cbe3011f47157f8d41510a7625
employer,relates,644500ede44d4d339538474941c35bab
encountered,relates,df3ceb0df20bf6ab8350a32c90bd6ac5
encryption,relates,a3b4eaca054ec1bc00e1a2f4151bd2ae
ensuring,relates,0258a205c5f1245901f93c7aff49680d
enters,relates,e5cc54ad06b87513eee1efc777f78a6c
entertaining,relates,4c2228bd4007126f8cdd371a681905ef
epinions,relates,b93a8551572bc1dcf31221f0e539374c
es,relates,91d393541f1dcd2d69469e286a53524e
essentially,relates,a100e5fab0f7bd132a2bdcec10ca2471
est,relates,50dac8f3ac54f8080ad681283f68f9a3
establishing,relates,6b9893ac8b1661926a00a6553152d451
european,relates,2b158feb2cb1f4b8fad1e8b2190ed781
event,relates,de9caebf4bbde9a99ded5ad35f878f7c
examinations,relates,bf7c4d5df854944041489ef6c7924e7d
examined,relates,28f92ba77121a568fbc3f50544112ed5
examines,relates,1e24ab5266f9fd19ec0b87122fd0a065
exempt,relates,f9a39661e6463fbcb284a284c9deb96d
exercise,relates,f7b52e4007d932199cf51dad349de8c4
experimental,relates,d5ef99eba5c6a2648ec74bc581b8d565
explicitly,relates,01496fbfe8d8ffbc79cf3ad3b9288108
explorer,relates,197d9059a67c008a5c42c55b77083f32
expressed,relates,0ddc054cbd914130dfaa69b1f7ed51e4
eyed,relates,b6435079499c56f4471eb35f4bf21b47
f,relates,992225f46464bef04ef72ed727446511
fairly,relates,9127cc0ab773e3c1fee0e3c46da109a8
fancy,relates,892a065f3b71656b64bcbdb30462f9b0
favors,relates,b06fa7afa90e7b18ea59287d2de3c7ab
favourites,relates,e242142d215fc61a8073856cd7bc243b
fc,relates,80c42709fd6f69675cb9b494f4801a38
fellow,relates,99b01a550cc484797103838efe28d6d4
fg,relates,c384e34872333542c603c5037efd7542
fig,relates,e091c897e70e5900b71ca2ac53afded4
fighter,relates,afebf5cb0045658d7a303506e89487e3
fingering,relates,66624dd08de13fbf9c0abe9b6faa6fcf
finish,relates,98e522637ec8ebab0769c6d4499033a4
finnish,relates,cfd232b49f026797e37286ae239ad006
flame,relates,a7b259c244b4a45c89387a7302c20716
flexibility,relates,6cb3e7499e899f043e91971b37e82289
fly,relates,3505dc58235ce878fc5cbc3db6bb7873
fo,relates,4ede581e15d3c49799617d74e443556e
foam,relates,4fad1bd16ea1fb073de209eef8bbef9b
focus,relates,3e73948fe32087c52438d4dd2ed5caba
foot,relates,508f8b5c03f95149bce7aa28202eb190
foreign,relates,87fb24ce7b28b65da637faa258556dd8
forgotten,relates,7ea4303e9700959f03f12f4346692a89
former,relates,38c2c6e3da63e97e9eddfab438c567c4
forty,relates,3cde4f079784463d8e25be82d5363ad2
fragrance,relates,963c3dfc9996a3643492a7700cc7e4f3
fragrances,relates,d4305fd29d305c5657b49f12208c9492
frequency,relates,f645567f627f38c12063c0d6562645bd
fun,relates,8e61d5017ebf931c632d8eb6ee27d365
fundamentals,relates,bb70776271850eb7115b48bcf783645a
fundraising,relates,2f726880798e6ad44fd19a5c32d67335
gasoline,relates,acc7f011c95e5860b61a46aac3827102
gave,relates,fc5963f76b0321c172b14240a269be0d
gbp,relates,5513160f5596400fdcc016304b2bad1f
gear,relates,8bdb6295a15227f6f84d19f428c88870
genius,relates,9ca77b9b0dc345fb1883db5b340497d4
glad,relates,8b3468c22929d9ba5ff205e03afd9b25
glasses,relates,3b45d17cc220ac4683aae0d74b1869d3
globe,relates,995ecf5bc7c63c72163a96d2a86908ab
goat,relates,23bad9793d9898c6dc13d6004cae187b
gotten,relates,23daa2786ff039fe193759df7ca4915d
gp,relates,4ae297ced8198ed258b331459d769c3e
grace,relates,7036d5b356c07eac1e1f7bfebf984c3e
granted,relates,0ecc75ca666a5c729e877e03c58281c6
graph,relates,6db5bbb017f84e58c90b305d67d9a9cb
gravity,relates,dc7dee1f274001274674a8ee547ad72b
groundwater,relates,ebbca0bc57d6568a3053c9c0531cd60f
grown,relates,cda774c5ba86066a3b5f4f55cb1296f3
hardcore,relates,780ebe79c7e2860c0b4dcc0175377f57
header,relates,2b90e14f3cd784a5c6ee7bb6124bf009
heading,relates,214c7076b2642dfca688fb481349218a
heat,relates,81b7dac52635384251548e558124f709
helping,relates,e58af98d6cdd63cba7bbc90ecc0b4a91
henderson,relates,3707cd6c4b7d6926aff4dc7dcd8b5149
higher,relates,ac8d58bb366ded9bed63080bc8203ea9
highways,relates,061c7e374573115077a2647d083feb31
hiking,relates,30ad9df16d7241d0f403d9a04c684f3f
hockey,relates,082943e4ce7fc19b73a1491f86c9109a
holidays,relates,68db6b1e750bceeef47d6f4eb5b23bde
homes,relates,729a8d2dee725dd80c6e006c58942fda
hon,relates,d630f385bd6b12f714b666cad8b9466d
hopkins,relates,2b23e12d33fea0b64c1e37308f4b60c9
horn,relates,c41a11952cb24484d72c67244fe40827
hose,relates,02a78c1e9f7e78fee05ba3ab7343e310
hospital,relates,05a6df28dd3506dd4dfb2b0338bc3e2e
hosting,relates,8b011f593cac0c119a0866d9538e384e
hosts,relates,e1611027299e8baf372e9d687eff6419
hotels,relates,3f04f3d97006d7752d31e9aa34de1602
hourly,relates,87031464cb78891aaf807fdfd9ac7d5a
hp,relates,e108553f3d826999c5edf11f4a63a29e
il,relates,0e8e42a6d5465fd6385fe959719acc2e
immune,relates,ffb4c082a710042f8086d7071c144127
implied,relates,c4a17b86e10697f6ab49cd6f5fe0b885
impose,relates,991e46be4bb3a633a7bcb273def5b8bd
improvements,relates,f14ae251fd5a7ffe1ddfdf6d8bb04e54
improving,relates,1da3555ecd58003af556493727af5e36
increased,relates,57f7f2b7194b31979bf9f2b0254d4e79
indian,relates,74b501af518697682434bc369749f69c
indicated,relates,b7cc6dc380ba5eb7b0e6e47b7a9c4478
indirect,relates,089e3455fbc6cb2f5064bd53a5facdae
inspection,relates,f8a25132517e5d517e6bdea5c37b3b8a
instructors,relates,3c65ae44f48374d9cd3fa4a1a030f025
insurance,relates,8f7c786c524e82a14b81040d8f3d33b8
intermediate,relates,30cf9754c2fe9a9c116c209f94778732
investments,relates,0b3c7ca7a0d06069932a0b8ae6380e58
invoice,relates,0e161b3ebddd270a464e8e00f343940b
isbn,relates,82c81f582e530a7c3015fe3ffa36e474
israeli,relates,c62f71f2293386a6c3c5c3967ed47cb8
italia,relates,2ec78f7ee69b8c273d0020352d6876b7
ja,relates,fdfdbe84c756f39a69699a2ff0a6ee92
jeep,relates,eaa541db66e79bd2b4edb65c22269305
jesse,relates,508d55370b72c24017451bd2759eceae
jon,relates,98175c45a65861ce06dae8fe794ee0c3
journalism,relates,ba28f2df4c3b9e6596467cce6c1beb2a
journey,relates,16897eab0cd4058624f1a803a52e54d3
jpg,relates,48e0918c9db8f5c9a85fedbaad63b82d
july,relates,f9a2866d1f51944f01fe4b4f72c2aac0
knowledge,relates,af6598bf24f593d7fb1cabcdd9dd199b
kuwait,relates,16483ff43e6eaf30f7cd141b543fce10
latest,relates,befe40dd00c687846ea8cf0b168eff43
latinas,relates,a873c648300580a231dad37ed0f936f4
lcd,relates,9f1500a74f10dfa459fa5fa92f406c29
le,relates,fea61988521b56ff47a32fbd51b48de5
lectures,relates,aa2eb4b3284324531a2f2a5ef371a321
leo,relates,f8903e928fa9ecf40aad6e0c2260d303
less,relates,646fb7b1626eaf565764efab8494d90c
li,relates,1a576d0f7f69dce8a526f233a8838f17
liability,relates,823eb91a84b38884a14c2e156ea8af85
librarian,relates,7ed72d6654a789059fdfbacb958bfd50
lifestyle,relates,b1788a6e0e29ee68bc69dadcb3393f0c
link,relates,6ffd15f4ed08602021b859dd446961f2
lm,relates,529deaf757a87e3faaed5cc413036cc1
local,relates,fe0061e18efb6b5cde90f6c853f7b499
lodging,relates,55d5328fdf2338bcc1ff098eef8900fa
low,relates,6a6d467c0e5429bb8fc4e80605281385
lt,relates,61304daefed75236af6fe2f596f4a337
luke,relates,3c9dd52515f847378a30f757e8edeb30
luxembourg,relates,db1f2a08377ed519c6e46827174d4631
lyric,relates,aa704f950d35089a0acbd66cef127eac
magic,relates,aee498fb0b7790380f34dd9c973c2413
magnetic,relates,1f57c594890f66d79f252981490e4caf
managed,relates,795fd21bbbaabe4ae5988a788eb5d038
mandate,relates,c7bc8b80c9472b51cddac7eb1a41d98f
many,relates,b15bad324d13df7c211d41bd313aea91
marathon,relates,097cf2aff66e72d3e2c73bcf5002bb2f
marilyn,relates,33e592648158fd518ad5a05963b5f264
mark,relates,31357038053411461df8ddb3db36a4a0
mart,relates,d9aa5886637908757f02f49baf3b3e8e
masturbation,relates,96d3498077180245f60e862e3081b9ed
maximum,relates,ed04d706f5e9f3fb9d26af1dd8d700e0
mazda,relates,c181b8a9335426be17063a3ac65ad1db
medicaid,relates,d2e26c2f3107c3b79004998aada5617d
medline,relates,8a6e7e540cebbf11a045883758e0c383
meet,relates,7d00c1b7c906ec69416124dbf29241a3
meeting,relates,5c1dad6c19ed852ee4c444cc46ceb4f2
menus,relates,74a92f99421f6cc5356b16f819e5fa98
mercedes,relates,6c4ee1e07b50d820fcd1110aaeef926c
metadata,relates,79f5b74b41d63eb7a3404721af992f67
mfg,relates,4fa60f88e9c012f7b7ff508b94626f5b
michel,relates,a9f2a8ae9b4d34810e43fa172c3d37e3
michelle,relates,4ff06c88b9a90cd616765a94a21cd4e0
microsoft,relates,d146315f8b5645befd461af3496bec25
midnight,relates,842825085d8007c3ac8047b13122a11a
migration,relates,11d9b82945888584187001744ac3a32b
milan,relates,dba433794510157e199a7ebff168c7af
miles,relates,2fdefcdce2b6e8c20a2a2049a5b19ed6
milfs,relates,cb770744e2850ac58921f0c5802265d2
minnesota,relates,ad0d895cfc2f75e7d967e5f902b9c092
minutes,relates,b1e4e489ec0c2cc4fe81268bbc576e21
mirror,relates,065a03b7dffdc64eb33c275e185a3617
missed,relates,dce38e5d5433c9c61053df4cf49fbfb2
mission,relates,f34ce1eac9928be1a57cead0207c3043
mls,relates,00a3cab7f2fa4660bca8648486651203
moderator,relates,a6767b5778d01c946a4e1e2382f58141
modern,relates,bccef6fe98e979221f5c9866de330efd
molecules,relates,df4fdecd82e538933009ce7917acb8b6
monetary,relates,92f7b08859b6fca8bae83591bdc30da4
monroe,relates,7740e5a2facf39cbeddf32e520c95b4a
mother,relates,0fb4913712935e1edb8846849315a7bc
motivated,relates,be508cea00e931f59be286e63f378a75
motorcycle,relates,8e69f02c6c657ca97c01f854b7ee6ae1
msn,relates,261629088e9d906b4609c1ec666d7236
musician,relates,b5c493cfe3ece96c882713b6cb99df35
mv,relates,13fa9071c3600d598869758347ca65e8
mysterious,relates,d0ad393c308c0734687d03a8f3d19b4a
narrative,relates,c6e47dcf351f7fa0a1e7bda303de23b4
naughty,relates,fc45637bc103e49422f30259ea67bdf2
net,relates,ac0aac9da0c8328d91f96ef00c4a91ef
networks,relates,837c3e9bd05a6bcf11fedf1d081ccd81
neutral,relates,9ca2727e7afa13659bf58612f592aa0f
next,relates,98bac9ac4bf6809b76758b011fe623ff
niagara,relates,f4f56480343167b6cbb6177028580118
nintendo,relates,5a9dc28fd3f2fdd5de44d577e541fad6
nipples,relates,9fa924b020a0346a670f6ae7e759226a
nirvana,relates,ce37ad5b1a4af8037889b91cba3c173a
nj,relates,225753a8cfcf17257da93f4c162b7924
node,relates,14bdb1c67d277d556cf961cc6a60a2f8
novelty,relates,854e23f3950f8b556791dbff11c011d1
nurse,relates,92d08361eb6bde06cf72532ca9df8970
nursing,relates,d42e7aeebe949be1ad201b7d76a705c1
nv,relates,01f3055f2ab6cbc78a9d91e6df640c96
observation,relates,689df005141677894a916af2bfc6b8bc
odds,relates,468be8102f316d5ff4b9b53c04036553
offer,relates,6cdc6ed5f0c45fd94fb97639c05399aa
offline,relates,4c6dc07958e1fec92b3b537af8b62545
ohio,relates,61721fc4bbf0808dae1bac927136d808
oklahoma,relates,ab2d4102dbabb4fc49ceac02438cf07c
oliver,relates,ecffec33b79766ff1a4ab15fabcc089b
olympic,relates,77882b3b84bba78c4d15d5f65d92b67a
ongoing,relates,e51d38f31f24aeeb0ffc675eaecdc916
operates,relates,9dfda4aef2b67176b0c552b50a7abd26
originally,relates,fdcb74d8083356feab0360e32fae2484
origins,relates,54c7913c28ebd13d6871caf8f32b8a01
outdoor,relates,2872d1fb097a80e9955264b99e6442bc
overhead,relates,38d2b00be2783440c40fef411572f518
overseas,relates,86ad44c368541ba5eab1749f6d65e1ed
packaging,relates,b7af31120875432b29898122092e5529
pair,relates,ec821def0b83444f290f4df9ca746f1f
pairs,relates,1676f36d74f4b26f211d7da601267eea
palestine,relates,6152a48ba991ad3ee8f2a42f7ee50436
participate,relates,91eaff3435dfcd7a1e5f3c3c1935ba1a
partner,relates,996dd26486a4dc091e57263ffbb24dd7
partners,relates,9443c1bb67eec965d6631e0220bda1fa
partnership,relates,3e3764d2938b727be729a3b76d88de19
password,relates,376906210c8cbc9920d5cf582406f304
payday,relates,f4df3aa38b12dc654ea32c62b63603b8
penguin,relates,1ba4e16c195dac581cf8b115d0a8fd76
pens,relates,13579e33ce79649e06021932fae8ea8f
performances,relates,a110979641f369a3ae03415e99607760
performing,relates,e2566fdaefbf1fd20a6f93c140c10d1e
permits,relates,3a0a61a3f4b627f19cb697bda1c2bacc
person,relates,3d25bfea2fb01f0a9d0671bd3d131b16
ph,relates,4478b8cfd606c3ca7d49fdd3af44c4f8
phantom,relates,5084a89f89b805b707e3dd7bfca98efe
pharmacology,relates,9ba10840dd2cb90b9f9a4134c00310c0
phentermine,relates,5b45fdfcf329c1ee1d719a6a4e365e53
phone,relates,224155d6d03b014454b90631273a1d52
phys,relates,c1db73216d25153a2d686442d5640281
picking,relates,0dbfd440ade5b2d31761d64546339eb4
piece,relates,ab8c870b9dc8bd4e9cbf6becb3247ba7
pipe,relates,708deed8161efe5e4f1ea0d09aa99e49
pit,relates,73f0563f577df449c4604f30eadd18ab
pk,relates,052252707579d151bde88754da209a2c
places,relates,9291ecd559e6f045b550667d0596b3d4
played,relates,f7e10616ae13a57f10a34db33ae58938
pmid,relates,00dea0502f1f671009f2db513afc4012
poem,relates,aa78d5b8b2f96974c48059fb1af2ef2f
politicians,relates,82c2031708e617875fbcc3806e5760d7
polyphonic,relates,0006209fa9acb8e83a74b7e9fcda851f
portable,relates,32292fd3c22404b5f9ec0029d679a463
portal,relates,873276c9d03d64f5ae3739757e6378c6
porter,relates,42b99b3d3a1d8cae3bd356f431671f75
power,relates,13fd782d6fce00fe1b27ed8088eef0fc
pr,relates,da7477f3e7b1c3379768ee03bf28880c
prayers,relates,10472453d64334bc35e81d784d29e364
pre,relates,e145024b7fb4974ecfa6adafe6d3f4a7
presents,relates,a61275c4612db61d2178a5578d90b341
previous,relates,3da51c1350597237c90a886cfea8f320
priest,relates,b2cd2621ffa70a4ab985bf9c4513eabc
primarily,relates,23d579fea034321faef38dcd6680db98
procedure,relates,8e841e1271ce33074d09d1e15f4366af
produces,relates,20580c70f79da9d7ba35b0a6b05e7e6f
protective,relates,41a73016a23a993bcbb01232597aa339
proudly,relates,9cbb5ccc7c6746d97b14a1c671019755
provision,relates,3f86f84890b70bdf15f070aad69ab3d8
publication,relates,d4ba0e9846da755754d3494d3d834c44
pure,relates,2dc6fee3b8e85f8f40d681db1d0ce4b0
push,relates,0f2b1477b8844a3ed5fa73c40d5afc4f
quantity,relates,746ce29f380ca2854202e11a67c82f19
quest,relates,811592686316844547c65fa0ad0358a6
rabbit,relates,3b6d00cef6302aca938aff5722478981
ralph,relates,8cf58682bd51ce04de7776d122c8b61c
ranking,relates,25d6c80e2bb83c87484a7c2e02ba3fcd
rd,relates,d5c4e0588511425d633ff05e7e00c63d
reached,relates,1f54406ff1660bbd90fd058a9f5098bc
reading,relates,89a3a704119eb9355656759d02336f6f
receipt,relates,e066c3b70d2d5ca0af5eed81eaa7732e
receive,relates,2668f8c2426ecf07224dc6ae423625b3
recognition,relates,e10717d3faf12dec983d91d0e292853e
recruiting,relates,9955ea94970f61fbb2b5c6d154cfd8cf
registrar,relates,913a82688d2e47ec791bdda5be04dc75
relate,relates,21affa3bd149c40aefbb68498efddcd6
released,relates,1ff861b4dd57a2263fb2321477e6e1b7
remark,relates,04f60c0347e6286992937108f41ab2f3
rent,relates,f6fb5518936ded8f9b54fd1b5df5fadb
reported,relates,7212602ebd6cc72bfd88cf6664759d3e
represent,relates,9537fcab01b15e51cf2d36eaae8f7bf5
representative,relates,c643aac30d5b42724a0c7fbfd23bbe09
requesting,relates,c3179e02f2fd17a4f26d06a84949a7d9
res,relates,7d1c994f4da379b64cd502c419974e8d
reseller,relates,401cf3b1db42b65bb647bf6ac94b5db3
residence,relates,090a9581cce3db75819d185a48797595
respectively,relates,c0b1ea5447eb04867357a5ad490945ae
restaurant,relates,b8215d1643bfb8424cfee3ce036a0086
resumes,relates,99dda15c8d5c660781f75ec7c624b3c4
retention,relates,0bb9e074cec90dcc4869a87d45ad1d07
rm,relates,f9a8dab39d8576a2a43afadbf120c604
rob,relates,d19422b505475eb9bf9516d222d57eeb
rocket,relates,dbe457cb41321336281ce82cd22ca38c
rocks,relates,9db9fc8125e84cdf313f10c35f7fc85a
rolled,relates,cac3a1cb2d5f81e3b6eca6bb5d6b1f8d
rome,relates,83e1dadeb49c3619360c71d2321e6ed4
rounds,relates,86ea0f8e96975e16be3e3d2d768cfc03
route,relates,ac54baed976e71d3b5ddd9310df803d8
roy,relates,bdfe809c22974565dc453d4770e98efb
rugs,relates,773d875cad2066bcccef52cca32e4bff
ruled,relates,6c54804d2a666591f551c7233a5b6503
russell,relates,967d884e8195e35f6fe103331e959dfa
safe,relates,6ac15fe5d79a5fc63ff7cd0498389f2b
savings,relates,b7e8c62e0adc4437374b0b9b5c674860
schools,relates,f3bdfc2fc8cba91660764ae03d5691e4
seating,relates,d09ac50e350280dbb2e0d6407485eb78
secret,relates,21b4d3d7e44001a1188f15d1a3ac7204
secure,relates,eb6cdec01ece790498857612804e34f9
sellers,relates,d14348bac262094493609a6f90561cec
sends,relates,b57a6a80f80b34d1afc7f6ba6f4561ec
separately,relates,1e885e4bbed736208f1f0fd6855fa3af
serum,relates,b2e01d07f4da3136566b1ccba3a855e2
server,relates,0374fcef110ccd89f2c61eab6da2d798
shades,relates,5588c7dc94ad02afdcf13e2896d24754
shareware,relates,8b571525816a1fdb57465082548984ee
shipments,relates,0a7fd949d51cba832eff530d31778900
shortcuts,relates,c2c3aecac4afd83270acf79ab29251cc
shorts,relates,7c47ae1a5e5f8ceab62b265a6c0931ee
siemens,relates,d74abe52c9c07746f122bc61cef7f6f0
significantly,relates,4d9edc939079f6906f86cd63cbbb681f
signs,relates,8d6665b1426354b8d01ea4717ff9baad
silk,relates,0c911e6c675c9cc6fd623b251e0974d9
singles,relates,8686db7ed14c161044b9487a9d6b8627
situation,relates,61e8efa85a97788c3950daa70186a20b
slides,relates,e20b7140a532d39f795a9fda502b6616
slowly,relates,4dc1b0300dd3124751867010dfa792a9
sm,relates,03e654a748dddceaa632dfc13b51fb12
smile,relates,46d0932c978fd462224c9ead26aa6649
snake,relates,92b3926508fd4479d65efb0cabbbbcb8
solely,relates,d36719c8c73fb1df058249a0db7822f1
solo,relates,a4ca3baf4cc14716abf929793309fd37
solution,relates,2a513ff66054abecd35fc5f88ac2e20a
sometimes,relates,0914abbf282e1c3cc8efd56114b5c940
sorts,relates,e7a2d6341467228be8f872289b367b12
spaces,relates,de4ada6238d6518b3833ac55191082d5
spain,relates,f896eebd5d10098d76ad58b9de847d1a
spanish,relates,9492ceafaa7aaa2999442c52f44cab46
speeches,relates,eaf1fbc6c24764ff0c67a5f719a0c9a8
sports,relates,e77d3155cbb40ed7b89f96c86c104118
standing,relates,7b84641d8285e079d7c10566f745bb4f
stay,relates,2277bc372725afa36658477d321ffb3e
steve,relates,6de76509c689b57815d17fa614eba0cc
stone,relates,2fa4b5a2d92befcd9b1835e2f4db0c1f
strand,relates,d8559453d8a1d33c8e5ef0e7a79556cf
stranger,relates,aff9930ba9081f14835b9281ef5f1efb
streets,relates,ca53abeb92238c3dc360092db2ec733a
stud,relates,d576198213edbb553e0ef3e769daf836
studio,relates,ed285d4cd40ed29b246ab616f9c2d483
stylish,relates,24339e9673ae0bec8f250242c384650a
sub,relates,70cc5c3f3282ea8b2f44d32059dd2d02
subjects,relates,2d2a66580ebe2920bf78efed3c040668
sublime,relates,2bd398265feee257d1f107fcff450042
sunset,relates,0583d95e4e2d84dd8d1a14174d302175
supply,relates,314dd757d340b04c61a7663cc05673bd
supreme,relates,b56b020a219dac026c1bf64c22d9c823
surveys,relates,dfd38faed3d8091d7c608e9e4d2a53db
susan,relates,eb5aaa3979e194556bab287530943fd8
sweden,relates,07920084a2e3f2d3fe4c721220143e1d
symantec,relates,fecf908a8c1793cc171b3a368fef3473
syria,relates,c878337e295a40659ff05afd8b37be48
tahoe,relates,97bd64eec62dbe14b6403c0bbb3b2550
takes,relates,8b01e58954042423a9497be1cb853c12
tariff,relates,70a6d96ddb06308c2dd615916af1a31d
tcp,relates,dafa1ab027594558bd69c2f87f4b6e68
tech,relates,55152b52211b70a6bdb1aefb4283a7d7
temp,relates,5b3da3bceafc0874c05acd97eb7bdc65
terrain,relates,f9916e03800dea57f08a4068e8cffe72
terror,relates,c147e74202d0ced833c0377e14b29728
terrorists,relates,1b51a735514f1274d32d3bdcd279fe5c
textbooks,relates,9b1468384edcc0fca757b008ac089218
tf,relates,37ba46b5163b180c02912d1d9c9d33b7
theft,relates,90c0c848091f399760b8fa1540bdbd78
themes,relates,64847703ca18a6b587b183af8c6dc673
this,relates,71c9e1cc5825a050b719732bbd17b6bd
token,relates,eb006b45e61a34c80db8c033b35400be
tomatoes,relates,300d437eca6dd606941ec9698ed0f6c1
topless,relates,01bd6d54932f12ba18be507e55a473f7
tops,relates,9c4d23cd34e84e306ee581964c545df0
tourist,relates,0edc75f3438df2a3db7f7d93a770e2e2
tours,relates,c8654076768280cdcf0d452e659a95f6
town,relates,e6c33cd62eaa0104f82519626265e3e2
toys,relates,ca05ac5b49ab792bba52584eb2676077
trackbacks,relates,0d9591ac799d49f1ac5e5405269a4326
transcripts,relates,8c91c5a11958266ef0fff94866b74cec
transfers,relates,130000ccc8e0a7fe7757377a0c0f1595
traveler,relates,45cc7e9ee18f872fc5ef603a9341b4f3
treasury,relates,717771bd3137934cc27aee4b7cc5bec1
trinity,relates,dc3edce7653660ed4bc4a607f347fc17
troubleshooting,relates,fb664e4ac195617f0a4887a14200b73e
type,relates,05e45d7489df9ba3c9c4b57d97b1db97
underlying,relates,076d4bdedb44994673d838ff202240f1
understood,relates,f420526f41c0626d4e61e41b95f0887b
une,relates,d2f858496fce911e0c905ea9cd1cdc88
unique,relates,5c7605f9282ee562d7b4cc4c2dd0f1f7
unit,relates,8521369d72b0a90bbcbffa5a1da44830
upload,relates,1c5e236d19d61b9c96395150347af884
usage,relates,04e583dd533751d413a06a53b85b2f87
usda,relates,5a1bea1cdcaadd4c9a97c81c15ea9e9d
usual,relates,823f3b4eb47ed217cb2e848ba9fa6556
vancouver,relates,cc3352201e9123e8c090b51580dd3c77
vegetable,relates,8ec47f8cc9bcf047f5b5cd3f19c9ad13
verification,relates,b0274b8e05e98a39d2d9d32d800bc7f7
veterans,relates,f1802fdb7d9efc7e1acdd01a374a455f
viagra,relates,ec756304b53bc7e2b92bc1d56b283ee2
video,relates,025c30d999c63e547c66c1b3a585621d
viral,relates,40e07d493600c764a419a11f7de86068
virgin,relates,95cf6fc978cd2a3516e57633f04082b1
voip,relates,a5269b57f166715644579390d44ca7dd
wang,relates,1b179168301944d1da989f543ac7edd9
warm,relates,ba4b69d04b46adf21dda37cd894a764a
weather,relates,fd6aed169a64015a3545d6b5c25bca81
webmasters,relates,31b0c6c0f1375c56ee44ecb5d2071e4c
wednesday,relates,10bac876de9dabe5a999eff48a9bcd8c
week,relates,9751d206b3b8bcb135df3aa117e128ff
weeks,relates,2db153652459a600ad37627177835fc4
width,relates,e64cbabf050ec750e4a1fc97d6f11012
winds,relates,7730945c2535d8a6cc6ca4da32eb1bd8
wit,relates,b503082512aae9c76f011e9cf6851473
wizard,relates,909ee739e67c4591acca7609d2bee23b
wool,relates,c5f6360af7ae0acf4befc4960fced0de
worker,relates,a58bc0429fadb95af4d451171986e5ef
workstation,relates,66d166d90c77fc47a2bccbeecc3fc913
worlds,relates,00c67fb2540455770a408e092b331a83
worried,relates,519e6a660ebf98e4c0601aba68e310c6
would,relates,f4ec883b70953188f9d5036f186c0f1a
yale,relates,a3bd01dfa91a36d9a534eb14df21e563
ye,relates,07b0042b96155babb8cbaefad4b281c4
yrs,relates,5fb9f9554a65c140f932486a2f28a67d
yugoslavia,relates,37132fbaa6f45c858a43bd29ed660b2a
zimbabwe,relates,509797a3d972150e13a5484919077b3a
zope,relates,57d2a8b05042c6d6f3a29985624ef463
